<?xml version="1.0" encoding ="utf-8"?>
<swc xmlns="http://www.adobe.com/flash/swccatalog/9">
  <versions>
    <swc version="1.2" />
    <flash version="10.0" build="d544" platform="MAC" />
  </versions>
  <features>
    <feature-script-deps />
    <feature-files />
  </features>
  <libraries>
    <library path="library.swf">
      <script name="Pants3" mod="1274139946967" >
        <def id="Pants3" /> 
        <dep id="flash.display:MovieClip" type="i" /> 
        <dep id="AS3" type="n" /> 
      </script>
      <script name="Pants4" mod="1274139947027" >
        <def id="Pants4" /> 
        <dep id="flash.display:MovieClip" type="i" /> 
        <dep id="AS3" type="n" /> 
      </script>
      <script name="Pants5" mod="1274139947027" >
        <def id="Pants5" /> 
        <dep id="flash.display:MovieClip" type="i" /> 
        <dep id="AS3" type="n" /> 
      </script>
      <script name="Shirt3" mod="1274139947027" >
        <def id="Shirt3" /> 
        <dep id="flash.display:MovieClip" type="i" /> 
        <dep id="AS3" type="n" /> 
      </script>
      <script name="Shirt4" mod="1274139947027" >
        <def id="Shirt4" /> 
        <dep id="flash.display:MovieClip" type="i" /> 
        <dep id="AS3" type="n" /> 
      </script>
      <script name="Shirt5" mod="1274139947027" >
        <def id="Shirt5" /> 
        <dep id="flash.display:MovieClip" type="i" /> 
        <dep id="AS3" type="n" /> 
      </script>
      <script name="Shoes4" mod="1274139947028" >
        <def id="Shoes4" /> 
        <dep id="flash.display:MovieClip" type="i" /> 
        <dep id="AS3" type="n" /> 
      </script>
    </library>
  </libraries>
  <files>
  </files>
</swc>
